{
	"format_version": "1.8.0",
	"animations": {
		"fly": {
			"loop": true,
			"animation_length": 0.75,
			"bones": {
				"body": {
					"rotation": {
						"0.0": {
							"vector": [15, 0, 0]
						},
						"0.25": {
							"vector": [12.5, 0, 0]
						},
						"0.5": {
							"vector": [20, 0, 0]
						},
						"0.75": {
							"vector": [15, 0, 0]
						}
					}
				},
				"right_wing": {
					"rotation": {
						"0.0": {
							"vector": [-86.1793, 16.70595, 88.90652]
						},
						"0.1667": {
							"vector": [-98.75808, -14.88902, 49.22395]
						},
						"0.2917": {
							"vector": [-80.96943, 2.41665, 46.59733]
						},
						"0.4583": {
							"vector": [-71.51693, 12.99231, 91.33159]
						},
						"0.5833": {
							"vector": [-74.18313, 25.16331, 131.47684]
						},
						"0.75": {
							"vector": [-86.1793, 16.70595, 88.90652]
						}
					},
					"position": {
						"0.0": {
							"vector": [0, 0, 1]
						},
						"0.75": {
							"vector": [0, 0, 1]
						}
					},
					"scale": {
						"0.0": {
							"vector": [1, 1.1, 1.5]
						},
						"0.75": {
							"vector": [1, 1.1, 1.5]
						}
					}
				},
				"left_wing": {
					"rotation": {
						"0.0": {
							"vector": [-86.1793, -16.70595, -88.90652]
						},
						"0.1667": {
							"vector": [-98.75808, 14.88902, -49.22395]
						},
						"0.2917": {
							"vector": [-80.96943, -2.41665, -46.59733]
						},
						"0.4583": {
							"vector": [-71.51693, -12.99231, -91.33159]
						},
						"0.5833": {
							"vector": [-74.18313, -25.16331, -131.47684]
						},
						"0.75": {
							"vector": [-86.1793, -16.70595, -88.90652]
						}
					},
					"position": {
						"0.0": {
							"vector": [0, 0, 1]
						},
						"0.75": {
							"vector": [0, 0, 1]
						}
					},
					"scale": {
						"0.0": {
							"vector": [1, 1.1, 1.5]
						},
						"0.75": {
							"vector": [1, 1.1, 1.5]
						}
					}
				},
				"right_foot": {
					"rotation": {
						"0.0": {
							"vector": [75, 0, 0]
						},
						"0.75": {
							"vector": [75, 0, 0]
						}
					}
				},
				"left_foot": {
					"rotation": {
						"0.0": {
							"vector": [75, 0, 0]
						},
						"0.75": {
							"vector": [75, 0, 0]
						}
					}
				},
				"neck": {
					"rotation": {
						"0.0": {
							"vector": [25, 0, 0]
						},
						"0.25": {
							"vector": [17.5, 0, 0]
						},
						"0.5": {
							"vector": [30, 0, 0]
						},
						"0.75": {
							"vector": [25, 0, 0]
						}
					}
				},
				"head": {
					"rotation": {
						"0.0": {
							"vector": [-42.5, 0, 0]
						},
						"0.25": {
							"vector": [-30, 0, 0]
						},
						"0.5": {
							"vector": [-45, 0, 0]
						},
						"0.75": {
							"vector": [-42.5, 0, 0]
						}
					}
				},
				"tail": {
					"rotation": {
						"0.0": {
							"vector": [-17.5, 0, 0]
						},
						"0.25": {
							"vector": [-10, 0, 0]
						},
						"0.5": {
							"vector": [-25, 0, 0]
						},
						"0.75": {
							"vector": [-17.5, 0, 0]
						}
					}
				}
			}
		},
		"idle": {
			"loop": true,
			"animation_length": 1,
			"bones": {
				"body": {
					"position": {
						"0.0": {
							"vector": [0, 0, 0]
						},
						"0.5": {
							"vector": [0, 0.2, 0]
						},
						"1.0": {
							"vector": [0, 0, 0]
						}
					}
				},
				"right_foot": {
					"position": {
						"0.0": {
							"vector": [0, 0, 0]
						},
						"0.5": {
							"vector": [0, -0.2, 0]
						},
						"1.0": {
							"vector": [0, 0, 0]
						}
					}
				},
				"left_foot": {
					"position": {
						"0.0": {
							"vector": [0, 0, 0]
						},
						"0.5": {
							"vector": [0, -0.2, 0]
						},
						"1.0": {
							"vector": [0, 0, 0]
						}
					}
				},
				"neck": {
					"rotation": {
						"0.0": {
							"vector": [0, 0, 0]
						},
						"0.5": {
							"vector": [7.5, 0, 0]
						},
						"1.0": {
							"vector": [0, 0, 0]
						}
					}
				},
				"head": {
					"rotation": {
						"0.0": {
							"vector": [0, 0, 0]
						},
						"0.5": {
							"vector": [-5, 0, 0]
						},
						"1.0": {
							"vector": [0, 0, 0]
						}
					}
				},
				"tail": {
					"rotation": {
						"0.0": {
							"vector": [-10, 0, 0]
						},
						"0.5833": {
							"vector": [2.5, 0, 0]
						},
						"1.0": {
							"vector": [-10, 0, 0]
						}
					}
				}
			}
		}
	},
	"geckolib_format_version": 2
}